{
  "affine": {
    "a": 33.85228995843729,
    "b": -57.71619716967599,
    "tx": 779.539177716112,
    "c": 58.32263877794789,
    "d": 32.56206122578285,
    "ty": 424.97679107789185
  },
  "affineCanvas": {
    "a": 33.85228995843729,
    "b": -57.71619716967599,
    "tx": 614.539177716112,
    "c": 58.32263877794789,
    "d": 32.56206122578285,
    "ty": 424.97679107789185
  },
  "box": {
    "x": 165,
    "y": 0,
    "width": 1590,
    "height": 897
  },
  "meanErr": 6.471494484357404,
  "nPairs": 18
}