{
  "affine": {
    "a": 191.17216523913467,
    "b": 106.4476866634086,
    "tx": 980.5423674855664,
    "c": 16.451876979705897,
    "d": 85.0160993043955,
    "ty": 416.3809696267208
  },
  "affineCanvas": {
    "a": 191.17216523913467,
    "b": 106.4476866634086,
    "tx": 815.5423674855664,
    "c": 16.451876979705897,
    "d": 85.0160993043955,
    "ty": 416.3809696267208
  },
  "box": {
    "x": 165,
    "y": 0,
    "width": 1590,
    "height": 897
  },
  "meanErr": 59.95760472505839,
  "nPairs": 8
}